"FUND_CODE","FUND_NAME","REVENUE_GROUP_TYPE","REVENUE_CATEGORY","REVENUE_SOURCE","ESTIMATED_REVENUE"
"0100","Corporate Fund","Intergovernmental Revenue","Municipal Auto Rental Tax","Municipal Auto Rental Tax","$4,894,443"
"0100","Corporate Fund","Intergovernmental Revenue","Personal Property Replacement Tax","Personal Property Replacement Tax","$202,567,148"
"0100","Corporate Fund","Intergovernmental Revenue","Reimbursements for City Services","Reimbursements for City Services","$1,143,491"
"0100","Corporate Fund","Intergovernmental Revenue","State Income Tax","State Income Tax","$545,129,731"
"0100","Corporate Fund","Local Non-Tax Revenue","Leases, Rentals and Sales","Advertising Revenue","$29,300,000"
"0100","Corporate Fund","Local Non-Tax Revenue","Licenses, Permits, and Certificates","Alcohol Dealers' License","$17,328,661"
"0100","Corporate Fund","Local Non-Tax Revenue","Licenses, Permits, and Certificates","Building Permits","$32,797,526"
"0100","Corporate Fund","Local Non-Tax Revenue","Licenses, Permits, and Certificates","Business License","$33,861,933"
"0100","Corporate Fund","Local Non-Tax Revenue","Charges for Services","Current Expense","$7,995,911"
"0100","Corporate Fund","Local Non-Tax Revenue","Internal Service Earnings","Enterprise Funds","$202,689,118"
"0100","Corporate Fund","Local Non-Tax Revenue","Fines, Forfeitures and Penalties","Fines, Forfeitures and Penalties","$481,667,969"
"0100","Corporate Fund","Local Non-Tax Revenue","Charges for Services","Information","$2,216,660"
"0100","Corporate Fund","Local Non-Tax Revenue","Charges for Services","Inspection","$10,115,000"
"0100","Corporate Fund","Local Non-Tax Revenue","Interest Income","Interest Income","$55,500,000"
"0100","Corporate Fund","Local Non-Tax Revenue","Internal Service Earnings","Intergovernmental Funds","$50,500,000"
"0100","Corporate Fund","Local Non-Tax Revenue","Municipal Parking","Municipal Parking","$9,893,536"
"0100","Corporate Fund","Local Non-Tax Revenue","Charges for Services","Other Charges","$38,422,575"
"0100","Corporate Fund","Local Non-Tax Revenue","Licenses, Permits, and Certificates","Other Permits and Certificates","$47,354,503"
"0100","Corporate Fund","Local Non-Tax Revenue","Internal Service Earnings","Other Reimbursements","$10,870,065"
"0100","Corporate Fund","Local Non-Tax Revenue","Other Revenue","Other Revenue","$255,834,804"
"0100","Corporate Fund","Local Non-Tax Revenue","Licenses, Permits, and Certificates","Prior Period Fines","$4,737,037"
"0100","Corporate Fund","Local Non-Tax Revenue","Leases, Rentals and Sales","Rentals and Leases","$37,376,788"
"0100","Corporate Fund","Local Non-Tax Revenue","Charges for Services","Safety","$354,868,887"
"0100","Corporate Fund","Local Non-Tax Revenue","Leases, Rentals and Sales","Sale of Land and Buildings","$16,000,000"
"0100","Corporate Fund","Local Non-Tax Revenue","Leases, Rentals and Sales","Sale of Materials","$3,445,397"
"0100","Corporate Fund","Local Non-Tax Revenue","Internal Service Earnings","Special Revenue Funds","$93,416,483"
"0100","Corporate Fund","Local Non-Tax Revenue","Leases, Rentals and Sales","Vacation of Streets and Alleys","$697,076"
"0100","Corporate Fund","Local Non-Tax Revenue","Licenses, Permits, and Certificates","Video Gaming Licenses","$6,800,000"
"0100","Corporate Fund","Local Tax","Recreation Taxes","Amusement Tax","$303,821,608"
"0100","Corporate Fund","Local Tax","Recreation Taxes","Auto Amusement Tax","$856,040"
"0100","Corporate Fund","Local Tax","Recreation Taxes","Boat Mooring Tax","$5,365,903"
"0100","Corporate Fund","Local Tax","Municipal Public Utility Tax","Cable Television","$14,033,051"
"0100","Corporate Fund","Local Tax","Recreation Taxes","Cannabis Excise Tax","$4,969,550"
"0100","Corporate Fund","Local Tax","Chicago Sales Tax / Home Rule Retailers' Occupation Tax","Chicago Sales Tax / HROT","$94,657,111"
"0100","Corporate Fund","Local Tax","Municipal Public Utility Tax","Electric","$96,582,895"
"0100","Corporate Fund","Local Tax","Municipal Public Utility Tax","Electricity IMF","$85,328,759"
"0100","Corporate Fund","Local Tax","Municipal Public Utility Tax","Gas","$117,384,201"
"0100","Corporate Fund","Local Tax","Transportation Taxes","Ground Transportation Tax","$244,625,934"
"0100","Corporate Fund","Local Tax","Recreation Taxes","Hemp Tax","$0"
"0100","Corporate Fund","Local Tax","Business Taxes","Hotel Tax","$156,849,696"
"0100","Corporate Fund","Local Tax","Transaction Taxes","Lease of Personal Property","$1,234,139,380"
"0100","Corporate Fund","Local Tax","Recreation Taxes","Liquor Tax","$34,615,442"
"0100","Corporate Fund","Local Tax","Transaction Taxes","Motor Vehicle Lessor Tax","$932,734"
"0100","Corporate Fund","Local Tax","Recreation Taxes","Municipal Cigarette Tax","$12,935,396"
"0100","Corporate Fund","Local Tax","Municipal Public Utility Tax","Natural Gas Use Tax","$29,620,072"
"0100","Corporate Fund","Local Tax","Recreation Taxes","Non-Alcoholic Beverage Tax","$36,507,550"
"0100","Corporate Fund","Local Tax","Recreation Taxes","Online Sports Wagering","$26,200,000"
"0100","Corporate Fund","Local Tax","Business Taxes","Package Tax","$0"
"0100","Corporate Fund","Local Tax","Transportation Taxes","Parking Tax","$189,390,362"
"0100","Corporate Fund","Local Tax","Transaction Taxes","Real Property Transfer","$158,558,215"
"0100","Corporate Fund","Local Tax","Business Taxes","Shopping Bag Tax","$38,166,946"
"0100","Corporate Fund","Local Tax","Municipal Public Utility Tax","Telecommunications","$52,678,826"
"0100","Corporate Fund","Local Tax","Transportation Taxes","Vehicle Fuel Tax","$63,839,110"
"0100","Corporate Fund","Proceeds and Transfers In","Proceeds and Transfers In","Proceeds and Transfers in - Other","$194,000,000"
"0100","Corporate Fund","Proceeds and Transfers In","Proceeds and Transfers In","Sales Tax Securitization Corporation Residual","$492,698,094"
"0200","Water Fund",,,"Capital Funding","$29,886,638"
"0200","Water Fund",,,"Interest","$12,879,200"
"0200","Water Fund",,,"Miscellaneous and Other","$19,477,700"
"0200","Water Fund",,,"Water Rates","$859,329,000"
"0300","Vehicle Tax Fund",,,"Impoundment Fees","$12,616,432"
"0300","Vehicle Tax Fund",,,"Other Reimbursements","$99,907,665"
"0300","Vehicle Tax Fund",,,"Other Revenue","$14,233,169"
"0300","Vehicle Tax Fund",,,"Pavement Cut Fees","$18,556,025"
"0300","Vehicle Tax Fund",,,"Sale of Impounded Automobiles","$2,570,828"
"0300","Vehicle Tax Fund",,,"Vehicle Tax","$128,989,026"
"0310","Motor Fuel Tax Fund",,,"Distributive Share of State Motor Fuel Tax","$129,440,559"
"0310","Motor Fuel Tax Fund",,,"Interest","$555,000"
"0314","Sewer Fund",,,"Capital Funding","$2,750,000"
"0314","Sewer Fund",,,"Interest","$11,137,650"
"0314","Sewer Fund",,,"Miscellaneous and Other","$10,316,800"
"0314","Sewer Fund",,,"Sewer Rates","$413,441,884"
"0346","Library Fund",,,"Interest","$225,000"
"0346","Library Fund",,,"Other Revenue","$305,000"
"0346","Library Fund",,,"Proceeds of Debt","$125,926,011"
"0346","Library Fund",,,"Rental of Facilities","$160,000"
"0346","Library Fund",,,"Transfers In","$18,611,165"
"0353","Emergency Communication Fund",,,"Telephone Surcharge","$168,460,413"
"0355","Special Events and Municipal Hotel Operators' Occupation Tax Fund",,,"Hotel Operators' Occupation Tax","$37,643,927"
"0355","Special Events and Municipal Hotel Operators' Occupation Tax Fund",,,"Other Revenue","$22,695,366"
"0355","Special Events and Municipal Hotel Operators' Occupation Tax Fund",,,"Recreation Fees and Charges","$9,804,549"
"0355","Special Events and Municipal Hotel Operators' Occupation Tax Fund",,,"Rental and Charges","$2,710,000"
"0510","Bond Redemption and Interest Series Fund",,,"Corporate Fund Subsidy","$90,493,270"
"0510","Bond Redemption and Interest Series Fund",,,"Property Tax Levy (Net Abatement)","$314,610,000"
"0510","Bond Redemption and Interest Series Fund",,,"Transfers In","$25,000,000"
"0521","Library Property Tax Levy Fund",,,"Property Tax Levy (Net Abatement)","$131,172,928"
"0610","Chicago Midway Airport Fund",,,"Total From Rates and Charges","$431,267,524"
"0681","Municipal Employees' Annuity and Benefit Fund",,,"Corporate Fund Advance Pension Payment","$128,823,928"
"0681","Municipal Employees' Annuity and Benefit Fund",,,"Corporate Fund Pension Allocation","$400,059,421"
"0681","Municipal Employees' Annuity and Benefit Fund",,,"Emergency Communication Advance Pension Payment","$4,769,078"
"0681","Municipal Employees' Annuity and Benefit Fund",,,"Emergency Communication Pension Allocation","$24,216,526"
"0681","Municipal Employees' Annuity and Benefit Fund",,,"Library Pension Residual Allocation After Property Tax Levy","$4,692,000"
"0681","Municipal Employees' Annuity and Benefit Fund",,,"Library Property Tax Levy","$8,780,000"
"0681","Municipal Employees' Annuity and Benefit Fund",,,"Midway Fund Advance Pension Payment","$1,954,526"
"0681","Municipal Employees' Annuity and Benefit Fund",,,"Midway Fund Pension Allocation","$11,280,153"
"0681","Municipal Employees' Annuity and Benefit Fund",,,"O'Hare Fund Advance Pension Payment","$11,524,366"
"0681","Municipal Employees' Annuity and Benefit Fund",,,"O'Hare Fund Pension Allocation","$61,910,204"
"0681","Municipal Employees' Annuity and Benefit Fund",,,"Property Tax Levy (Net Abatement)","$167,938,000"
"0681","Municipal Employees' Annuity and Benefit Fund",,,"Sewer Fund Advance Pension Payment","$2,877,924"
"0681","Municipal Employees' Annuity and Benefit Fund",,,"Sewer Fund Pension Allocation","$14,449,821"
"0681","Municipal Employees' Annuity and Benefit Fund",,,"Water Fund Advance Pension Payment","$11,269,072"
"0681","Municipal Employees' Annuity and Benefit Fund",,,"Water Fund Pension Allocation","$56,388,124"
"0681","Municipal Employees' Annuity and Benefit Fund",,,"Water and Sewer Utility Tax","$222,357,381"
"0682","Laborers' and Retirement Board Annuity and Benefit Fund",,,"Corporate Fund Advance Pension Payment","$9,006,538"
"0682","Laborers' and Retirement Board Annuity and Benefit Fund",,,"Corporate Fund Pension Allocation","$33,338,197"
"0682","Laborers' and Retirement Board Annuity and Benefit Fund",,,"Midway Fund Advance Pension Payment","$265,088"
"0682","Laborers' and Retirement Board Annuity and Benefit Fund",,,"Midway Fund Pension Allocation","$3,440,782"
"0682","Laborers' and Retirement Board Annuity and Benefit Fund",,,"O'Hare Fund Advance Pension Payment","$1,003,036"
"0682","Laborers' and Retirement Board Annuity and Benefit Fund",,,"O'Hare Fund Pension Allocation","$11,185,236"
"0682","Laborers' and Retirement Board Annuity and Benefit Fund",,,"Property Tax Levy (Net Abatement)","$54,661,000"
"0682","Laborers' and Retirement Board Annuity and Benefit Fund",,,"Sewer Fund Advance Pension Payment","$1,713,758"
"0682","Laborers' and Retirement Board Annuity and Benefit Fund",,,"Sewer Fund Pension Allocation","$14,491,447"
"0682","Laborers' and Retirement Board Annuity and Benefit Fund",,,"Water Fund Advance Pension Payment","$2,586,398"
"0682","Laborers' and Retirement Board Annuity and Benefit Fund",,,"Water Fund Pension Allocation","$21,643,898"
"0683","Policemen's Annuity and Benefit Fund",,,"Casino Public Safety Pension Fund","$31,734,471"
"0683","Policemen's Annuity and Benefit Fund",,,"Corporate Fund Advance Pension Payment","$70,717,328"
"0683","Policemen's Annuity and Benefit Fund",,,"Corporate Fund Pension Allocation","$206,083,096"
"0683","Policemen's Annuity and Benefit Fund",,,"Midway Fund Advance Pension Payment","$371,816"
"0683","Policemen's Annuity and Benefit Fund",,,"Midway Fund Pension Allocation","$5,323,264"
"0683","Policemen's Annuity and Benefit Fund",,,"O'Hare Fund Advance Pension Payment","$1,160,680"
"0683","Policemen's Annuity and Benefit Fund",,,"O'Hare Fund Pension Allocation","$16,155,269"
"0683","Policemen's Annuity and Benefit Fund",,,"Property Tax Levy (Net Abatement)","$813,518,000"
"0684","Firemen's Annuity and Benefit Fund",,,"Casino Public Safety Pension Fund","$12,875,529"
"0684","Firemen's Annuity and Benefit Fund",,,"Corporate Fund Advance Pension Payment","$10,841,632"
"0684","Firemen's Annuity and Benefit Fund",,,"Corporate Fund Pension Allocation","$48,914,587"
"0684","Firemen's Annuity and Benefit Fund",,,"Midway Fund Advance Pension Payment","$159,364"
"0684","Firemen's Annuity and Benefit Fund",,,"Midway Fund Pension Allocation","$5,975,758"
"0684","Firemen's Annuity and Benefit Fund",,,"O'Hare Fund Advance Pension Payment","$582,148"
"0684","Firemen's Annuity and Benefit Fund",,,"O'Hare Fund Pension Allocation","$21,691,647"
"0684","Firemen's Annuity and Benefit Fund",,,"Property Tax Levy (Net Abatement)","$366,968,000"
"0740","Chicago O'Hare Airport Fund",,,"Total From Rates and Charges","$2,060,334,876"
"0994","Controlled Substances Fund",,,"Fines, Forfeitures and Penalties","$52,760"
"0994","Controlled Substances Fund",,,"Interest","$9,800"
"0996","Affordable Housing Opportunity Fund",,,"Building Permits","$886,144"
"0996","Affordable Housing Opportunity Fund",,,"Interest Income","$491,701"
"0B09","CTA Real Property Transfer Tax Fund",,,"Real Property Transfer","$63,423,286"
"0B21","Tax Increment Financing Administration Fund",,,"Tax Increment Financing Administrative Reimbursement","$23,421,859"
"0B25","Chicago Police CTA Detail Fund",,,"Safety","$30,000,000"
"0B26","Chicago Parking Meters Fund",,,"Municipal Parking","$6,500,000"
"0B32","Garbage Collection Fund",,,"Sanitation","$64,382,994"
"0B42","Foreign Fire Insurance Tax Fund",,,"Foreign Fire Insurance Tax","$8,230,000"
"0B53","Wheelchair Accessible Vehicle Fund",,,"Interest","$1,438,000"
"0B53","Wheelchair Accessible Vehicle Fund",,,"Other Transportation","$6,647,650"
"0B64","Cable Local Origination Fund",,,"Cable Programming Fee","$500,000"
"0B67","Protecting CARE Fund",,,"Social Media Amusement Tax","$31,000,000"
"0B70","Cannabis Regulation Tax",,,"Cannabis Tax","$4,565,717"
"0B70","Cannabis Regulation Tax",,,"Interest","$101,700"
"0B89","Opioid Settlement Fund",,,"Opioid Settlement","$8,400,000"
"0B90","Vaping Settlement Fund",,,"Vaping Settlement","$108,675"
"0B92","Construction and Demolition Debris Management Fund",,,"Fines, Forfeitures and Penalties","$387,751"
"0B93","Houseshare Surcharge - Homeless Services Fund",,,"Hotel Tax Surcharge","$8,365,518"
"0B94","Houseshare Surcharge - Domestic Violence Fund",,,"Hotel Tax Surcharge","$4,182,759"
"0D43","Neighborhoods Opportunity Fund",,,"Building Permits","$2,787,098"
"0D43","Neighborhoods Opportunity Fund",,,"Interest","$1,795,086"
"0D43","Neighborhoods Opportunity Fund",,,"Land Sale Proceeds","$3,767,510"
"0D44","Citywide Adopt-a-landmark Fund",,,"Building Permits","$395,145"
"0D45","Local Impact Fund",,,"Building Permits","$395,145"
